Timestamp,User Count,Type,Name,Requests/s,Failures/s,50%,66%,75%,80%,90%,95%,98%,99%,99.9%,99.99%,100%,Total Request Count,Total Failure Count,Total Median Response Time,Total Average Response Time,Total Min Response Time,Total Max Response Time,Total Average Content Size
1757528723,0,,Aggregated,0.000000,0.000000,N/A,N/A,N/A,N/A,N/A,N/A,N/A,N/A,N/A,N/A,N/A,0,0,0,0.0,0,0,0
1757528724,10,,Aggregated,0.000000,0.000000,N/A,N/A,N/A,N/A,N/A,N/A,N/A,N/A,N/A,N/A,N/A,0,0,0,0.0,0,0,0
1757528725,20,GET,/,0.000000,0.000000,0,0,0,0,0,0,0,0,0,0,0,10,0,1200.0,1207.058533199961,1112.6514580009825,1294.356708000123,32792.0
1757528725,20,,Aggregated,0.000000,0.000000,1200,1200,1300,1300,1300,1300,1300,1300,1300,1300,1300,10,0,1200.0,1207.058533199961,1112.6514580009825,1294.356708000123,32792.0
1757528726,30,GET,/,0.000000,0.000000,1200,1300,1300,1600,1600,1600,1700,1700,1700,1700,1700,23,0,1200.0,1263.1189220433241,729.7395000005054,1660.3102499993838,32792.0
1757528726,30,,Aggregated,0.000000,0.000000,1200,1300,1300,1600,1600,1600,1700,1700,1700,1700,1700,23,0,1200.0,1263.1189220433241,729.7395000005054,1660.3102499993838,32792.0
1757528727,40,GET,/,1.000000,0.000000,1300,1400,1500,1600,1600,1800,1800,1800,1800,1800,1800,35,0,1300.0,1315.5822547142764,729.7395000005054,1799.6372500001598,32792.0
1757528727,40,,Aggregated,1.000000,0.000000,1300,1400,1500,1600,1600,1800,1800,1800,1800,1800,1800,35,0,1300.0,1315.5822547142764,729.7395000005054,1799.6372500001598,32792.0
1757528728,50,GET,/,3.666667,0.000000,1300,1400,1500,1600,1600,1800,1800,1800,1800,1800,1800,41,0,1300.0,1297.057298731732,729.7395000005054,1799.6372500001598,32792.0
1757528728,50,GET,/appointment-service/appointments,0.000000,0.000000,0,0,0,0,0,0,0,0,0,0,0,12,0,1300.0,1619.1165660834486,908.2424580010411,3093.2278750005935,33464.0
1757528728,50,,Aggregated,3.666667,0.000000,1300,1400,1500,1600,1800,1900,2100,3100,3100,3100,3100,53,0,1300.0,1369.9763781321208,729.7395000005054,3093.2278750005935,32944.15094339623
1757528729,60,GET,/,6.000000,0.000000,1400,1600,1700,2000,2100,2100,2100,2100,2100,2100,2100,51,0,1300.0,1443.3661257843792,729.7395000005054,2057.425000000876,32792.0
1757528729,60,GET,/appointment-service/appointments,0.000000,0.000000,0,0,0,0,0,0,0,0,0,0,0,14,0,1300.0,1572.8257560715845,908.2424580010411,3093.2278750005935,33464.0
1757528729,60,,Aggregated,6.000000,0.000000,1300,1600,1700,1900,2100,2100,2100,3100,3100,3100,3100,65,0,1300.0,1471.2497384616233,729.7395000005054,3093.2278750005935,32936.73846153846
1757528730,70,GET,/,7.000000,0.000000,1500,1800,2100,2100,2300,2500,2500,3000,3000,3000,3000,62,0,1400.0,1601.423605483961,729.7395000005054,2951.528999999937,32792.0
1757528730,70,GET,/appointment-service/appointments,0.000000,0.000000,1500,3700,5000,5100,5100,5200,5200,5200,5200,5200,5200,35,0,1500.0,2396.57033688579,908.2424580010411,5247.022292000111,33464.0
1757528730,70,,Aggregated,7.000000,0.000000,1500,1900,2100,2300,3700,5100,5200,5200,5200,5200,5200,97,0,1500.0,1888.3322199073016,729.7395000005054,5247.022292000111,33034.47422680412
1757528731,80,GET,/,8.500000,0.000000,1600,1900,2000,2100,2300,2300,2500,3000,3000,3000,3000,66,0,1500.0,1618.320325106128,729.7395000005054,2951.528999999937,32792.0
1757528731,80,GET,/appointment-service/appointments,2.000000,0.000000,1800,2200,3700,5000,5100,5200,5200,5200,5200,5200,5200,44,0,1800.0,2306.1922490455386,908.2424580010411,5247.022292000111,33464.0
1757528731,80,,Aggregated,10.500000,0.000000,1600,2000,2100,2200,3100,5000,5100,5200,5200,5200,5200,110,0,1600.0,1893.469094681892,729.7395000005054,5247.022292000111,33060.8
1757528732,90,GET,/,7.285714,0.000000,1700,2100,2300,2300,3100,3500,3500,3500,3500,3500,3500,83,0,1700.0,1867.2104357229914,729.7395000005054,3527.0289170002798,32792.0
1757528732,90,GET,/appointment-service/appointments,2.000000,0.000000,1800,1800,2000,2200,5000,5100,5200,5200,5200,5200,5200,65,0,1700.0,2098.535737815502,908.2424580010411,5247.022292000111,33464.0
1757528732,90,,Aggregated,9.285714,0.000000,1700,2000,2100,2300,3500,3700,5100,5200,5200,5200,5200,148,0,1700.0,1968.8060075879453,729.7395000005054,5247.022292000111,33087.13513513513
1757528733,100,GET,/,7.875000,0.000000,1800,2100,2300,2800,3200,3500,3500,3800,3800,3800,3800,97,0,1800.0,1949.1340154640175,729.7395000005054,3799.8909170000843,32792.0
1757528733,100,GET,/appointment-service/appointments,4.375000,0.000000,1700,1800,2000,2100,5000,5100,5200,5200,5200,5200,5200,68,0,1700.0,2067.078846191287,908.2424580010411,5247.022292000111,33464.0
1757528733,100,,Aggregated,12.250000,0.000000,1700,2000,2200,2400,3500,3700,5100,5200,5200,5200,5200,165,0,1700.0,1997.7415820667711,729.7395000005054,5247.022292000111,33068.94545454546
1757528734,100,GET,/,7.777778,0.000000,2000,2300,2800,3000,3500,3800,4300,4600,5000,5000,5000,112,0,2000.0,2136.103246669759,729.7395000005054,4968.084500000259,32792.0
1757528734,100,GET,/appointment-service/appointments,5.888889,0.000000,1800,2000,2200,2400,5000,5100,5200,5200,5200,5200,5200,74,0,1700.0,2096.571868797411,908.2424580010411,5247.022292000111,33464.0
1757528734,100,,Aggregated,13.666667,0.000000,1800,2200,2500,2900,3500,4300,5100,5200,5200,5200,5200,186,0,1800.0,2120.375709236674,729.7395000005054,5247.022292000111,33059.354838709674
1757528735,100,GET,/,8.500000,0.000000,2200,2800,3000,3200,3500,4300,4400,4600,5000,5000,5000,123,0,2100.0,2241.6755657318067,729.7395000005054,4968.084500000259,32792.0
1757528735,100,GET,/appointment-service/appointments,6.700000,0.000000,2000,2500,2800,3000,3700,5100,5200,5200,5200,5200,5200,90,0,1800.0,2232.7767574112345,908.2424580010411,5247.022292000111,33464.0
1757528735,100,,Aggregated,15.200000,0.000000,2000,2500,2900,3000,3500,4400,5100,5100,5200,5200,5200,213,0,2000.0,2237.9155058780434,729.7395000005054,5247.022292000111,33075.94366197183
1757528736,100,GET,/,9.800000,0.000000,2400,3000,3400,3500,4000,4300,4400,4600,5000,5000,5000,131,0,2100.0,2339.6920251375213,729.7395000005054,4968.084500000259,32792.0
1757528736,100,GET,/appointment-service/appointments,6.900000,0.000000,2100,2800,3200,3500,3900,5100,5200,5200,5200,5200,5200,101,0,2000.0,2380.0237776634617,908.2424580010411,5247.022292000111,33464.0
1757528736,100,,Aggregated,16.700000,0.000000,2300,2900,3200,3500,3800,4400,5100,5100,5200,5200,5200,232,0,2100.0,2357.250244987176,729.7395000005054,5247.022292000111,33084.55172413793
1757528737,100,GET,/,9.800000,0.000000,2800,3100,3500,3500,4100,4300,4600,5000,5000,5000,5000,131,0,2100.0,2339.6920251375213,729.7395000005054,4968.084500000259,32792.0
1757528737,100,GET,/appointment-service/appointments,6.900000,0.000000,2100,2800,3200,3500,3900,5100,5200,5200,5200,5200,5200,101,0,2000.0,2380.0237776634617,908.2424580010411,5247.022292000111,33464.0
1757528737,100,,Aggregated,16.700000,0.000000,2300,3000,3200,3500,3900,4400,5100,5200,5200,5200,5200,232,0,2100.0,2357.250244987176,729.7395000005054,5247.022292000111,33084.55172413793
1757528738,100,GET,/,11.300000,0.000000,2800,3200,3500,3500,4100,4400,4700,5000,5000,5000,5000,132,0,2100.0,2357.8886019622323,729.7395000005054,4968.084500000259,32792.0
1757528738,100,GET,/appointment-service/appointments,9.100000,0.000000,2200,2900,3400,3600,4800,5100,5200,5200,5200,5200,5200,104,0,2000.0,2450.3960865577737,908.2424580010411,5247.022292000111,33464.0
1757528738,100,,Aggregated,20.400000,0.000000,2600,3200,3500,3600,4200,4900,5100,5200,5200,5200,5200,236,0,2100.0,2398.654612122978,729.7395000005054,5247.022292000111,33088.13559322034
1757528739,100,GET,/,10.700000,0.000000,3000,3400,3500,3800,4300,4600,5800,6000,6000,6000,6000,134,0,2200.0,2410.5838746941336,729.7395000005054,5989.77879099948,32792.0
1757528739,100,GET,/appointment-service/appointments,10.100000,0.000000,2400,3000,3500,3600,4900,5100,6100,6200,6200,6200,6200,106,0,2000.0,2519.411348283116,908.2424580010411,6160.281625001517,33464.0
1757528739,100,,Aggregated,20.800000,0.000000,2800,3200,3500,3600,4400,5100,5800,6100,6200,6200,6200,240,0,2100.0,2458.649342195932,729.7395000005054,6160.281625001517,33088.8
1757528740,100,GET,/,9.600000,0.000000,3500,4100,4600,5800,7600,7900,8000,8000,8000,8000,8000,152,0,2300.0,2962.9282648092967,729.7395000005054,7966.156165999564,32792.0
1757528740,100,GET,/appointment-service/appointments,10.100000,0.000000,3400,4900,5500,5600,6100,6300,6700,6700,6800,6800,6800,147,0,3000.0,3393.9351199116727,908.2424580010411,6762.23391700114,33464.0
1757528740,100,,Aggregated,19.700000,0.000000,3400,4600,5400,5600,6300,6800,7900,7900,8000,8000,8000,299,0,2800.0,3174.8279561138074,729.7395000005054,7966.156165999564,33122.38127090301
1757528741,100,GET,/,8.100000,0.000000,3600,4300,4700,5500,7400,7900,8000,8000,8000,8000,8000,165,0,2500.0,3047.223194193972,729.7395000005054,7966.156165999564,32792.0
1757528741,100,GET,/appointment-service/appointments,9.200000,0.000000,4600,4900,5500,5600,6100,6300,6700,6700,6800,6800,6800,167,0,3500.0,3525.9562095929095,908.2424580010411,6762.23391700114,33464.0
1757528741,100,,Aggregated,17.300000,0.000000,3900,4800,5200,5600,6300,6800,7900,7900,8000,8000,8000,332,0,3000.0,3288.0316688072917,729.7395000005054,7966.156165999564,33130.02409638554
1757528742,100,GET,/,8.300000,0.000000,3800,4400,4900,5800,7600,7900,8000,8000,8000,8000,8000,172,0,2400.0,2991.5794859593407,729.7395000005054,7966.156165999564,32792.0
1757528742,100,GET,/appointment-service/appointments,9.500000,0.000000,4500,4900,5400,5600,6100,6300,6700,6700,6800,6800,6800,187,0,3100.0,3386.484453449284,908.2424580010411,6762.23391700114,33464.0
1757528742,100,,Aggregated,17.800000,0.000000,4000,4800,5300,5600,6300,6800,7900,7900,8000,8000,8000,359,0,2800.0,3197.2820734819547,729.7395000005054,7966.156165999564,33142.038997214484
1757528743,100,GET,/,8.300000,0.000000,4100,4600,5500,6500,7600,7900,8000,8000,8000,8000,8000,172,0,2400.0,2991.5794859593407,729.7395000005054,7966.156165999564,32792.0
1757528743,100,GET,/appointment-service/appointments,9.500000,0.000000,4500,4900,5400,5600,6100,6300,6700,6700,6800,6800,6800,187,0,3100.0,3386.484453449284,908.2424580010411,6762.23391700114,33464.0
1757528743,100,,Aggregated,17.800000,0.000000,4200,4900,5500,5600,6300,7400,7900,8000,8000,8000,8000,359,0,2800.0,3197.2820734819547,729.7395000005054,7966.156165999564,33142.038997214484
1757528744,100,GET,/,9.500000,0.000000,4000,4600,5800,6600,7800,7900,8000,8000,8000,8000,8000,181,0,2600.0,2977.880860497287,729.7395000005054,7966.156165999564,32792.0
1757528744,100,GET,/appointment-service/appointments,11.400000,0.000000,3500,4800,4900,5400,6000,6200,6400,6700,6800,6800,6800,227,0,2800.0,3264.3882825066908,908.2424580010411,6762.23391700114,33464.0
1757528744,100,,Aggregated,20.900000,0.000000,3600,4700,5000,5500,6200,6800,7900,7900,8000,8000,8000,408,0,2700.0,3137.285725193692,729.7395000005054,7966.156165999564,33165.882352941175
1757528745,100,GET,/,8.700000,0.000000,4000,4700,6000,6600,7800,7900,8000,8000,8000,8000,8000,187,0,2500.0,2959.303327096294,729.7395000005054,7966.156165999564,32792.0
1757528745,100,GET,/appointment-service/appointments,12.000000,0.000000,3500,4700,4900,5400,6000,6200,6400,6700,6800,6800,6800,247,0,2800.0,3226.8081294211297,908.2424580010411,6762.23391700114,33464.0
1757528745,100,,Aggregated,20.700000,0.000000,3600,4700,5100,5500,6300,6800,7900,7900,8000,8000,8000,434,0,2700.0,3111.546843626787,729.7395000005054,7966.156165999564,33174.45161290323
1757528746,100,GET,/,7.400000,0.000000,3600,4500,5500,6000,7600,7900,8000,8000,8000,8000,8000,200,0,2500.0,2889.4210829250474,729.7395000005054,7966.156165999564,32792.0
1757528746,100,GET,/appointment-service/appointments,12.000000,0.000000,2900,4000,4800,4900,5900,6200,6400,6700,6800,6800,6800,280,0,2700.0,3107.1990091143443,908.2424580010411,6762.23391700114,33464.0
1757528746,100,,Aggregated,19.400000,0.000000,3000,4200,4800,5200,6100,6700,7900,7900,8000,8000,8000,480,0,2600.0,3016.4582065354684,729.7395000005054,7966.156165999564,33184.0
1757528747,100,GET,/,7.000000,0.000000,2600,3800,4700,5500,7400,7900,8000,8000,8000,8000,8000,222,0,2300.0,2714.9463873829122,583.699582999543,7966.156165999564,32792.0
1757528747,100,GET,/appointment-service/appointments,15.300000,0.000000,2700,3100,4600,4900,5600,6100,6300,6700,6800,6800,6800,321,0,2600.0,2857.366324520275,714.8611659995368,6762.23391700114,33464.0
1757528747,100,,Aggregated,22.300000,0.000000,2700,3200,4600,4900,6000,6600,7800,7900,8000,8000,8000,543,0,2500.0,2799.1393888950543,583.699582999543,7966.156165999564,33189.25966850829
1757528748,100,GET,/,6.300000,0.000000,2300,3000,4500,5000,6800,7900,7900,8000,8000,8000,8000,233,0,2200.0,2652.7255261116034,583.699582999543,7966.156165999564,32792.0
1757528748,100,GET,/appointment-service/appointments,15.600000,0.000000,2600,2900,3800,4800,5600,6100,6300,6700,6800,6800,6800,352,0,2500.0,2699.38674859945,676.1236670008657,6762.23391700114,33464.0
1757528748,100,,Aggregated,21.900000,0.000000,2500,2900,4200,4800,5900,6500,7800,7900,8000,8000,8000,585,0,2400.0,2680.802022377795,583.699582999543,7966.156165999564,33196.34871794872
1757528749,100,GET,/,7.500000,0.000000,1600,2700,3800,4600,6800,7900,7900,8000,8000,8000,8000,247,0,2100.0,2564.6149433198702,583.699582999543,7966.156165999564,32792.0
1757528749,100,GET,/appointment-service/appointments,19.100000,0.000000,2200,2700,3000,3800,5200,5900,6300,6700,6800,6800,6800,393,0,2100.0,2537.6992845826967,676.1236670008657,6762.23391700114,33464.0
1757528749,100,,Aggregated,26.600000,0.000000,1900,2700,3100,4200,5500,6300,7600,7900,8000,8000,8000,640,0,2100.0,2548.087046626574,583.699582999543,7966.156165999564,33204.65
1757528750,100,GET,/,9.200000,0.000000,1300,1700,2500,2600,3800,4400,4700,5000,5600,5600,5600,258,0,2000.0,2502.03660288373,583.699582999543,7966.156165999564,32792.0
1757528750,100,GET,/appointment-service/appointments,22.100000,0.000000,1500,2400,2700,2800,3100,4500,4800,4900,5200,5200,5200,423,0,1900.0,2436.728948401883,653.2965419992252,6762.23391700114,33464.0
1757528750,100,,Aggregated,31.300000,0.000000,1400,2400,2600,2700,3200,4500,4800,5000,5600,5600,5600,681,0,1900.0,2461.4710553861946,583.699582999543,7966.156165999564,33209.40969162995
1757528751,100,GET,/,10.100000,0.000000,1300,1500,1600,2300,2600,2900,3000,3000,5600,5600,5600,267,0,1900.0,2455.8214655168695,583.699582999543,7966.156165999564,32792.0
1757528751,100,GET,/appointment-service/appointments,24.900000,0.000000,1300,1900,2500,2600,2800,3000,3200,3500,4500,4500,4500,440,0,1800.0,2386.2326474590723,653.2965419992252,6762.23391700114,33464.0
1757528751,100,,Aggregated,35.000000,0.000000,1300,1700,2400,2600,2800,3000,3200,3500,5600,5600,5600,707,0,1800.0,2412.5130073196538,583.699582999543,7966.156165999564,33210.21782178218
1757528752,100,GET,/,11.300000,0.000000,1300,1600,2100,2300,2600,2900,3000,3000,5600,5600,5600,273,0,2000.0,2450.650007487187,583.699582999543,7966.156165999564,32792.0
1757528752,100,GET,/appointment-service/appointments,28.400000,0.000000,1300,2000,2500,2600,2800,2900,3100,3200,3500,3500,3500,456,0,1800.0,2374.6502029561216,653.2965419992252,6762.23391700114,33464.0
1757528752,100,,Aggregated,39.700000,0.000000,1300,1800,2400,2600,2800,2900,3100,3200,5600,5600,5600,729,0,1900.0,2403.111035105614,583.699582999543,7966.156165999564,33212.345679012345
1757528753,100,GET,/,10.500000,0.000000,1300,1600,2300,2400,2600,2900,3000,3000,5600,5600,5600,280,0,2000.0,2447.698386321438,583.699582999543,7966.156165999564,32792.0
1757528753,100,GET,/appointment-service/appointments,27.600000,0.000000,1400,2200,2400,2600,2800,2900,3100,3200,3500,3500,3500,480,0,2000.0,2369.2854601729045,653.2965419992252,6762.23391700114,33464.0
1757528753,100,,Aggregated,38.100000,0.000000,1400,2100,2400,2500,2700,2900,3100,3200,5600,5600,5600,760,0,2000.0,2398.1744329644685,583.699582999543,7966.156165999564,33216.42105263158
1757528754,100,GET,/,10.200000,0.000000,1300,1700,2200,2300,2500,2700,2900,3000,5600,5600,5600,293,0,2100.0,2442.3378852559767,583.699582999543,7966.156165999564,32792.0
1757528754,100,GET,/appointment-service/appointments,27.300000,0.000000,1400,2100,2300,2400,2600,2800,3000,3100,3500,3500,3500,531,0,2100.0,2347.7248339773905,653.2965419992252,6762.23391700114,33464.0
1757528754,100,,Aggregated,37.500000,0.000000,1400,2000,2300,2400,2600,2800,3000,3100,5600,5600,5600,824,0,2100.0,2381.3675815800907,583.699582999543,7966.156165999564,33225.04854368932
1757528755,100,GET,/,10.100000,0.000000,1300,1500,2100,2100,2500,2700,2900,3000,5600,5600,5600,303,0,2000.0,2397.999504551162,583.699582999543,7966.156165999564,32792.0
1757528755,100,GET,/appointment-service/appointments,27.100000,0.000000,1300,1600,2100,2300,2600,2600,2800,2900,3200,3200,3200,556,0,1900.0,2292.0778112409976,653.2965419992252,6762.23391700114,33464.0
1757528755,100,,Aggregated,37.200000,0.000000,1300,1600,2100,2200,2600,2700,2800,2900,5600,5600,5600,859,0,2000.0,2329.4401780314274,583.699582999543,7966.156165999564,33226.96158323632
1757528756,100,GET,/,10.900000,0.000000,1200,1400,2000,2100,2400,2500,2700,2700,5600,5600,5600,310,0,2000.0,2375.0499602258187,583.699582999543,7966.156165999564,32792.0
1757528756,100,GET,/appointment-service/appointments,29.300000,0.000000,1200,1500,2000,2200,2500,2600,2700,2700,2800,2800,2800,565,0,1900.0,2277.0202924937967,653.2965419992252,6762.23391700114,33464.0
1757528756,100,,Aggregated,40.200000,0.000000,1200,1400,2000,2100,2500,2600,2700,2700,5600,5600,5600,875,0,1900.0,2311.750803347426,583.699582999543,7966.156165999564,33225.92
1757528757,100,GET,/,11.200000,0.000000,1300,1700,2100,2300,2500,2600,2700,5600,5600,5600,5600,312,0,2000.0,2374.1008251955263,583.699582999543,7966.156165999564,32792.0
1757528757,100,GET,/appointment-service/appointments,30.400000,0.000000,1300,1600,2100,2200,2500,2600,2700,2700,3600,3600,3600,572,0,1900.0,2279.0591953111807,653.2965419992252,6762.23391700114,33464.0
1757528757,100,,Aggregated,41.600000,0.000000,1300,1600,2100,2200,2500,2600,2700,2700,5600,5600,5600,884,0,1900.0,2312.603299976243,583.699582999543,7966.156165999564,33226.82352941176
1757528758,100,GET,/,11.600000,0.000000,1400,2200,2400,2500,2700,2700,2900,2900,2900,2900,2900,323,0,2100.0,2385.320180479906,583.699582999543,7966.156165999564,32792.0
1757528758,100,GET,/appointment-service/appointments,30.900000,0.000000,1500,2200,2400,2500,2600,2700,2900,2900,3900,3900,3900,597,0,2100.0,2298.300758179219,653.2965419992252,6762.23391700114,33464.0
1757528758,100,,Aggregated,42.500000,0.000000,1500,2200,2400,2500,2700,2700,2900,2900,3900,3900,3900,920,0,2100.0,2328.852142313046,583.699582999543,7966.156165999564,33228.06956521739
1757528759,100,GET,/,10.400000,0.000000,2100,2400,2500,2600,2800,3300,3500,3500,3500,3500,3500,329,0,2100.0,2402.7782403830024,583.699582999543,7966.156165999564,32792.0
1757528759,100,GET,/appointment-service/appointments,27.300000,0.000000,2100,2500,2600,2700,3000,3300,3500,3500,3900,3900,3900,621,0,2100.0,2334.0848049677948,653.2965419992252,6762.23391700114,33464.0
1757528759,100,,Aggregated,37.700000,0.000000,2100,2500,2600,2700,3000,3300,3500,3500,3900,3900,3900,950,0,2100.0,2357.874426285271,583.699582999543,7966.156165999564,33231.275789473686
1757528760,100,GET,/,8.900000,0.000000,2300,2500,2700,2700,2900,3400,3500,3800,3800,3800,3800,334,0,2100.0,2412.771036934153,583.699582999543,7966.156165999564,32792.0
1757528760,100,GET,/appointment-service/appointments,25.000000,0.000000,2300,2600,2700,2900,3200,3400,3500,3600,3900,3900,3900,633,0,2200.0,2351.542980469199,653.2965419992252,6762.23391700114,33464.0
1757528760,100,,Aggregated,33.900000,0.000000,2300,2600,2700,2800,3200,3400,3500,3700,3900,3900,3900,967,0,2100.0,2372.69103720063,583.699582999543,7966.156165999564,33231.89245087901
1757528761,100,GET,/,9.000000,0.000000,2400,2700,2800,2900,3100,3400,3500,3800,3800,3800,3800,337,0,2100.0,2418.1247183590754,583.699582999543,7966.156165999564,32792.0
1757528761,100,GET,/appointment-service/appointments,24.400000,0.000000,2400,2600,2800,3000,3300,3400,3700,3800,3900,3900,3900,641,0,2200.0,2363.7923059875206,653.2965419992252,6762.23391700114,33464.0
1757528761,100,,Aggregated,33.400000,0.000000,2400,2600,2800,2900,3300,3400,3700,3800,3900,3900,3900,978,0,2100.0,2382.5142108640166,583.699582999543,7966.156165999564,33232.44171779141
1757528763,100,GET,/,9.000000,0.000000,2500,2700,2900,2900,3300,3500,3500,3800,3800,3800,3800,337,0,2100.0,2418.1247183590754,583.699582999543,7966.156165999564,32792.0
1757528763,100,GET,/appointment-service/appointments,24.400000,0.000000,2600,2700,3000,3100,3400,3500,3800,3900,3900,3900,3900,641,0,2200.0,2363.7923059875206,653.2965419992252,6762.23391700114,33464.0
1757528763,100,,Aggregated,33.400000,0.000000,2600,2700,2900,3100,3300,3500,3800,3800,3900,3900,3900,978,0,2100.0,2382.5142108640166,583.699582999543,7966.156165999564,33232.44171779141
1757528764,100,GET,/,7.600000,0.000000,2700,2900,3100,3400,4200,4400,4700,4700,4700,4700,4700,342,0,2100.0,2447.2771484006075,583.699582999543,7966.156165999564,32792.0
1757528764,100,GET,/appointment-service/appointments,21.000000,0.000000,2900,3200,3400,3500,4300,4400,4700,4700,4800,4800,4800,658,0,2200.0,2416.0345229407358,653.2965419992252,6762.23391700114,33464.0
1757528764,100,,Aggregated,28.600000,0.000000,2800,3100,3300,3500,4200,4400,4700,4700,4800,4800,4800,1000,0,2200.0,2426.7195008480107,583.699582999543,7966.156165999564,33234.176
1757528765,100,GET,/,7.000000,0.000000,3000,3800,4300,4400,4700,5200,5200,5300,5300,5300,5300,354,0,2200.0,2521.348943161027,583.699582999543,7966.156165999564,32792.0
1757528765,100,GET,/appointment-service/appointments,20.100000,0.000000,3300,4000,4300,4500,5000,5200,5300,5300,5300,5300,5300,685,0,2300.0,2511.967800014608,653.2965419992252,6762.23391700114,33464.0
1757528765,100,,Aggregated,27.100000,0.000000,3300,3900,4300,4500,5000,5200,5300,5300,5300,5300,5300,1039,0,2300.0,2515.1640701530396,583.699582999543,7966.156165999564,33235.041385948025
1757528766,100,GET,/,6.400000,0.000000,3400,4200,4400,4400,5000,5200,5300,5300,5300,5300,5300,355,0,2200.0,2526.7253050591644,583.699582999543,7966.156165999564,32792.0
1757528766,100,GET,/appointment-service/appointments,18.300000,0.000000,3400,4100,4400,4500,5000,5200,5300,5300,5300,5300,5300,686,0,2300.0,2514.7996046676485,653.2965419992252,6762.23391700114,33464.0
1757528766,100,,Aggregated,24.700000,0.000000,3400,4200,4400,4500,5000,5200,5300,5300,5300,5300,5300,1041,0,2300.0,2518.866486165234,583.699582999543,7966.156165999564,33234.835734870314
1757528767,100,GET,/,6.100000,0.000000,4200,4400,4500,4700,5200,5200,5200,5300,5300,5300,5300,366,0,2300.0,2593.29135895629,583.699582999543,7966.156165999564,32792.0
1757528767,100,GET,/appointment-service/appointments,17.600000,0.000000,4000,4500,4600,4700,5100,5200,5300,5300,5300,5300,5300,714,0,2400.0,2596.1452705560446,653.2965419992252,6762.23391700114,33464.0
1757528767,100,,Aggregated,23.700000,0.000000,4000,4500,4600,4700,5100,5200,5300,5300,5300,5300,5300,1080,0,2400.0,2595.178111625015,583.699582999543,7966.156165999564,33236.26666666667
1757528768,100,GET,/,6.000000,0.000000,4300,4400,4600,4800,5200,5200,5300,5300,5300,5300,5300,371,0,2300.0,2591.890464517524,583.699582999543,7966.156165999564,32792.0
1757528768,100,GET,/appointment-service/appointments,15.400000,0.000000,4100,4500,4600,4700,5100,5200,5300,5300,5300,5300,5300,733,0,2400.0,2599.3910406576033,653.2965419992252,6762.23391700114,33464.0
1757528768,100,,Aggregated,21.400000,0.000000,4200,4500,4600,4700,5200,5200,5300,5300,5300,5300,5300,1104,0,2400.0,2596.8704666105273,583.699582999543,7966.156165999564,33238.17391304348
1757528769,100,GET,/,5.600000,0.000000,3300,4400,4500,4600,5000,5200,5200,5300,5300,5300,5300,390,0,2300.0,2599.0606619769337,583.699582999543,7966.156165999564,32792.0
1757528769,100,GET,/appointment-service/appointments,14.900000,0.000000,3800,4500,4600,4700,5100,5200,5300,5300,5300,5300,5300,771,0,2400.0,2593.277698398216,653.2965419992252,6762.23391700114,33464.0
1757528769,100,,Aggregated,20.500000,0.000000,3800,4400,4600,4700,5100,5200,5200,5300,5300,5300,5300,1161,0,2400.0,2595.220295982796,583.699582999543,7966.156165999564,33238.26356589147
1757528770,100,GET,/,5.600000,0.000000,3100,4300,4400,4500,5000,5200,5200,5300,5300,5300,5300,401,0,2300.0,2574.154657850376,583.699582999543,7966.156165999564,32792.0
1757528770,100,GET,/appointment-service/appointments,14.900000,0.000000,3100,4300,4500,4600,5000,5200,5200,5300,5300,5300,5300,802,0,2400.0,2556.8415738341923,653.2965419992252,6762.23391700114,33464.0
1757528770,100,,Aggregated,20.500000,0.000000,3100,4300,4500,4600,5000,5200,5200,5300,5300,5300,5300,1203,0,2300.0,2562.6126018395857,583.699582999543,7966.156165999564,33240.0
1757528771,100,GET,/,6.600000,0.000000,3100,4300,4400,4500,5000,5200,5200,5300,5300,5300,5300,401,0,2300.0,2574.154657850376,583.699582999543,7966.156165999564,32792.0
1757528771,100,GET,/appointment-service/appointments,16.400000,0.000000,3000,4300,4500,4600,5000,5200,5200,5300,5300,5300,5300,807,0,2400.0,2548.6155908798296,653.2965419992252,6762.23391700114,33464.0
1757528771,100,,Aggregated,23.000000,0.000000,3100,4300,4500,4600,5000,5200,5200,5300,5300,5300,5300,1208,0,2300.0,2557.0933771837927,583.699582999543,7966.156165999564,33240.92715231788
1757528772,100,GET,/,7.200000,0.000000,3100,4300,4400,4500,5000,5200,5200,5300,5300,5300,5300,405,0,2300.0,2565.348761846919,583.699582999543,7966.156165999564,32792.0
1757528772,100,GET,/appointment-service/appointments,17.800000,0.000000,2800,4300,4500,4600,5000,5200,5200,5300,5300,5300,5300,825,0,2300.0,2530.6348317769985,653.2965419992252,6762.23391700114,33464.0
1757528772,100,,Aggregated,25.000000,0.000000,2900,4300,4500,4600,5000,5200,5200,5300,5300,5300,5300,1230,0,2300.0,2542.0650282634333,583.699582999543,7966.156165999564,33242.73170731707
1757528773,100,GET,/,7.200000,0.000000,2900,4000,4400,4500,5000,5200,5200,5300,5300,5300,5300,411,0,2300.0,2565.6894150583917,583.699582999543,7966.156165999564,32792.0
1757528773,100,GET,/appointment-service/appointments,17.800000,0.000000,2600,3100,4500,4600,5000,5200,5200,5300,5300,5300,5300,836,0,2300.0,2530.8410987428515,653.2965419992252,6762.23391700114,33464.0
1757528773,100,,Aggregated,25.000000,0.000000,2700,3100,4500,4600,5000,5200,5200,5300,5300,5300,5300,1247,0,2300.0,2542.3267908083567,583.699582999543,7966.156165999564,33242.514835605456
1757528774,100,GET,/,6.700000,0.000000,2900,3000,3100,3300,4500,5000,5200,5200,5200,5200,5200,423,0,2300.0,2579.4831914089777,583.699582999543,7966.156165999564,32792.0
1757528774,100,GET,/appointment-service/appointments,17.200000,0.000000,2700,3000,3100,3200,4500,4800,5000,5200,5200,5200,5200,873,0,2400.0,2552.603458867156,653.2965419992252,6762.23391700114,33464.0
1757528774,100,,Aggregated,23.900000,0.000000,2700,3000,3100,3200,4500,4900,5100,5200,5200,5200,5200,1296,0,2400.0,2561.37670490511,583.699582999543,7966.156165999564,33244.666666666664
1757528775,100,GET,/,6.700000,0.000000,2700,3000,3100,3200,4500,5000,5200,5200,5200,5200,5200,428,0,2300.0,2571.716154420556,583.699582999543,7966.156165999564,32792.0
1757528775,100,GET,/appointment-service/appointments,18.300000,0.000000,2600,2900,3100,3100,4500,4700,5000,5100,5200,5200,5200,903,0,2400.0,2538.0312498283843,653.2965419992252,6762.23391700114,33464.0
1757528775,100,,Aggregated,25.000000,0.000000,2600,3000,3100,3100,4500,4800,5100,5200,5200,5200,5200,1331,0,2400.0,2548.8630598700424,583.699582999543,7966.156165999564,33247.90984222389
1757528776,100,GET,/,8.100000,0.000000,2500,2900,3000,3000,3200,3300,3800,4100,4100,4100,4100,438,0,2300.0,2565.38814375799,583.699582999543,7966.156165999564,32792.0
1757528776,100,GET,/appointment-service/appointments,21.500000,0.000000,2200,2700,2900,3000,3200,3300,3900,4500,5100,5100,5100,937,0,2400.0,2528.1641304781583,653.2965419992252,6762.23391700114,33464.0
1757528776,100,,Aggregated,29.600000,0.000000,2300,2800,3000,3000,3200,3300,3900,4500,5100,5100,5100,1375,0,2300.0,2540.0216707083864,583.699582999543,7966.156165999564,33249.937454545456
1757528777,100,GET,/,8.100000,0.000000,2200,2700,3000,3000,3200,3300,3800,4100,4100,4100,4100,448,0,2300.0,2550.2591052075927,583.699582999543,7966.156165999564,32792.0
1757528777,100,GET,/appointment-service/appointments,21.500000,0.000000,2100,2600,2800,3000,3200,3300,4300,4500,5100,5100,5100,958,0,2300.0,2515.9459556033744,653.2965419992252,6762.23391700114,33464.0
1757528777,100,,Aggregated,29.600000,0.000000,2100,2600,2900,3000,3200,3300,3900,4300,5100,5100,5100,1406,0,2300.0,2526.879306259625,583.699582999543,7966.156165999564,33249.87766714083
1757528778,100,GET,/,7.400000,0.000000,2000,2400,2700,3000,3200,3300,3800,4100,4100,4100,4100,451,0,2300.0,2545.3891615077673,583.699582999543,7966.156165999564,32792.0
1757528778,100,GET,/appointment-service/appointments,21.800000,0.000000,1900,2200,2600,2900,3200,3300,4300,4500,5100,5100,5100,983,0,2300.0,2494.9677609430655,653.2965419992252,6762.23391700114,33464.0
1757528778,100,,Aggregated,29.200000,0.000000,1900,2200,2700,2900,3200,3300,4100,4500,5100,5100,5100,1434,0,2300.0,2510.825537550234,583.699582999543,7966.156165999564,33252.652719665275
1757528779,100,GET,/,8.100000,0.000000,1800,2200,2500,2700,3100,3300,3800,4100,4100,4100,4100,463,0,2200.0,2523.5271803650144,583.699582999543,7966.156165999564,32792.0
1757528779,100,GET,/appointment-service/appointments,24.200000,0.000000,1800,2200,2700,2900,3200,3300,4300,4500,5100,5100,5100,1017,0,2200.0,2466.1877945437795,653.2965419992252,6762.23391700114,33464.0
1757528779,100,,Aggregated,32.300000,0.000000,1800,2300,2700,2900,3200,3300,4100,4500,5100,5100,5100,1480,0,2200.0,2484.125724027043,583.699582999543,7966.156165999564,33253.772972972976
1757528780,100,GET,/,8.000000,0.000000,1800,2200,2400,2700,3100,3300,3800,4100,4100,4100,4100,479,0,2200.0,2485.3718116910295,548.8557499993476,7966.156165999564,32792.0
1757528780,100,GET,/appointment-service/appointments,25.000000,0.000000,1800,2100,2600,2800,3100,3300,4300,4500,5100,5100,5100,1050,0,2100.0,2430.4081718762127,462.12083399950643,6762.23391700114,33464.0
1757528780,100,,Aggregated,33.000000,0.000000,1800,2100,2500,2700,3100,3300,3900,4300,5100,5100,5100,1529,0,2100.0,2447.626996906491,462.12083399950643,7966.156165999564,33253.47809025507
1757528781,100,GET,/,7.400000,0.000000,1800,2100,2400,2700,3100,3300,3800,4100,4100,4100,4100,484,0,2100.0,2469.589691219016,548.8557499993476,7966.156165999564,32792.0
1757528781,100,GET,/appointment-service/appointments,25.600000,0.000000,1800,2000,2500,2700,3100,3300,3900,4500,5100,5100,5100,1080,0,2100.0,2393.578527986126,462.12083399950643,6762.23391700114,33464.0
1757528781,100,,Aggregated,33.000000,0.000000,1800,2100,2500,2700,3100,3300,3900,4300,5100,5100,5100,1564,0,2100.0,2417.1011641784007,462.12083399950643,7966.156165999564,33256.040920716114
1757528782,100,GET,/,7.700000,0.000000,1600,1800,2100,2300,3000,3300,3800,4100,4100,4100,4100,506,0,2100.0,2416.6091682470537,548.8557499993476,7966.156165999564,32792.0
1757528782,100,GET,/appointment-service/appointments,24.700000,0.000000,1700,1900,2200,2500,3100,3200,3900,4500,5100,5100,5100,1127,0,2100.0,2350.920973395759,462.12083399950643,6762.23391700114,33464.0
1757528782,100,,Aggregated,32.400000,0.000000,1700,1900,2100,2500,3100,3200,3800,4300,5100,5100,5100,1633,0,2100.0,2371.2750619412295,462.12083399950643,7966.156165999564,33255.77464788732
1757528783,100,GET,/,8.300000,0.000000,1400,1600,1800,1800,2200,2600,3800,4100,4100,4100,4100,521,0,2100.0,2371.3045355240024,548.8557499993476,7966.156165999564,32792.0
1757528783,100,GET,/appointment-service/appointments,27.000000,0.000000,1500,1700,1900,2000,2400,3100,3900,4500,5100,5100,5100,1150,0,2000.0,2322.354822951324,462.12083399950643,6762.23391700114,33464.0
1757528783,100,,Aggregated,35.300000,0.000000,1500,1700,1800,2000,2300,2700,3800,4300,5100,5100,5100,1671,0,2000.0,2337.6168219042643,462.12083399950643,7966.156165999564,33254.47755834829
1757528784,100,GET,/,9.900000,0.000000,1300,1600,1700,1800,2100,2600,3800,4100,4100,4100,4100,528,0,2000.0,2353.3118190643995,548.8557499993476,7966.156165999564,32792.0
1757528784,100,GET,/appointment-service/appointments,29.800000,0.000000,1300,1600,1800,1800,2100,2400,3900,4500,5100,5100,5100,1191,0,1900.0,2281.2100740101005,462.12083399950643,6762.23391700114,33464.0
1757528784,100,,Aggregated,39.700000,0.000000,1300,1600,1700,1800,2100,2400,3800,4300,5100,5100,5100,1719,0,2000.0,2303.356508791175,462.12083399950643,7966.156165999564,33257.59162303665
1757528785,100,GET,/,10.700000,0.000000,1200,1500,1700,1700,2000,2200,2600,2700,3800,3800,3800,538,0,2000.0,2330.732033778811,548.8557499993476,7966.156165999564,32792.0
1757528785,100,GET,/appointment-service/appointments,30.700000,0.000000,1200,1400,1700,1800,2000,2200,2400,2700,5100,5100,5100,1229,0,1900.0,2241.864676920287,462.12083399950643,6762.23391700114,33464.0
1757528785,100,,Aggregated,41.400000,0.000000,1200,1400,1700,1700,2000,2200,2500,2700,5100,5100,5100,1767,0,1900.0,2268.922197005111,462.12083399950643,7966.156165999564,33259.39558573854
1757528786,100,GET,/,10.400000,0.000000,1100,1300,1400,1500,1800,2100,2600,2700,2700,2700,2700,547,0,1900.0,2309.0086739104217,548.8557499993476,7966.156165999564,32792.0
1757528786,100,GET,/appointment-service/appointments,31.000000,0.000000,1100,1300,1400,1600,1900,2100,2400,2500,3300,3300,3300,1266,0,1800.0,2205.8756322899044,462.12083399950643,6762.23391700114,33464.0
1757528786,100,,Aggregated,41.400000,0.000000,1100,1300,1400,1500,1800,2100,2400,2600,3300,3300,3300,1813,0,1800.0,2236.9918891936113,462.12083399950643,7966.156165999564,33261.25096525097
1757528787,100,GET,/,11.000000,0.000000,1100,1300,1500,1600,1800,2100,2300,2600,2700,2700,2700,556,0,1900.0,2297.423209462229,548.8557499993476,7966.156165999564,32792.0
1757528787,100,GET,/appointment-service/appointments,32.300000,0.000000,1100,1300,1400,1500,1800,2000,2400,2600,5500,5500,5500,1292,0,1800.0,2196.0142681060556,462.12083399950643,6762.23391700114,33464.0
1757528787,100,,Aggregated,43.300000,0.000000,1100,1300,1400,1500,1800,2000,2400,2600,5500,5500,5500,1848,0,1800.0,2226.5247504621325,462.12083399950643,7966.156165999564,33261.818181818184
1757528788,100,GET,/,11.000000,0.000000,1100,1300,1400,1500,1700,1800,2300,2600,2700,2700,2700,567,0,1800.0,2282.139672622577,548.8557499993476,7966.156165999564,32792.0
1757528788,100,GET,/appointment-service/appointments,33.400000,0.000000,1100,1300,1400,1500,1700,2000,2400,2600,5500,5500,5500,1324,0,1800.0,2180.564211240956,462.12083399950643,6762.23391700114,33464.0
1757528788,100,,Aggregated,44.400000,0.000000,1100,1300,1400,1500,1700,2000,2400,2600,5500,5500,5500,1891,0,1800.0,2211.0207350925557,462.12083399950643,7966.156165999564,33262.50661025912
1757528789,100,GET,/,10.200000,0.000000,1100,1300,1400,1500,1700,1800,2600,2700,2700,2700,2700,577,0,1800.0,2264.5608097244435,548.8557499993476,7966.156165999564,32792.0
1757528789,100,GET,/appointment-service/appointments,32.000000,0.000000,1100,1200,1400,1500,1700,1900,2400,2600,5500,5500,5500,1366,0,1700.0,2146.1702079495126,462.12083399950643,6762.23391700114,33464.0
1757528789,100,,Aggregated,42.200000,0.000000,1100,1200,1400,1500,1700,1900,2400,2600,5500,5500,5500,1943,0,1800.0,2181.327890514685,462.12083399950643,7966.156165999564,33264.44055584148
1757528790,100,GET,/,11.600000,0.000000,1100,1200,1400,1400,1700,1700,1800,2600,2700,2700,2700,591,0,1700.0,2234.115709468703,548.8557499993476,7966.156165999564,32792.0
1757528790,100,GET,/appointment-service/appointments,33.200000,0.000000,1100,1200,1300,1400,1700,1800,2400,2600,5500,5500,5500,1402,0,1700.0,2116.052285112004,462.12083399950643,6762.23391700114,33464.0
1757528790,100,,Aggregated,44.800000,0.000000,1100,1200,1300,1400,1700,1800,2400,2600,5500,5500,5500,1993,0,1700.0,2151.0625629819474,462.12083399950643,7966.156165999564,33264.72654290015
1757528791,100,GET,/,11.400000,0.000000,1000,1100,1300,1400,1700,1700,1800,1800,1800,1800,1800,601,0,1700.0,2213.424180816986,548.8557499993476,7966.156165999564,32792.0
1757528791,100,GET,/appointment-service/appointments,34.400000,0.000000,1000,1200,1300,1300,1600,1700,1800,1900,5500,5500,5500,1440,0,1700.0,2088.3935840132112,462.12083399950643,6762.23391700114,33464.0
1757528791,100,,Aggregated,45.800000,0.000000,1000,1200,1300,1400,1600,1700,1800,1900,5500,5500,5500,2041,0,1700.0,2125.2105309407257,462.12083399950643,7966.156165999564,33266.12052915237
1757528792,100,GET,/,10.900000,0.000000,1100,1200,1300,1500,1700,1700,1800,1800,1800,1800,1800,612,0,1700.0,2191.634691797405,548.8557499993476,7966.156165999564,32792.0
1757528792,100,GET,/appointment-service/appointments,34.600000,0.000000,1000,1200,1200,1300,1600,1700,1800,1900,5500,5500,5500,1479,0,1600.0,2059.2611560885907,462.12083399950643,6762.23391700114,33464.0
1757528792,100,,Aggregated,45.500000,0.000000,1100,1200,1200,1300,1600,1700,1800,1900,5500,5500,5500,2091,0,1700.0,2098.0046299545816,462.12083399950643,7966.156165999564,33267.31707317073
1757528793,100,GET,/,11.600000,0.000000,1100,1200,1300,1400,1700,1700,1800,1800,1800,1800,1800,626,0,1700.0,2166.119383658168,548.8557499993476,7966.156165999564,32792.0
1757528793,100,GET,/appointment-service/appointments,36.000000,0.000000,1000,1200,1200,1300,1600,1700,1800,1900,5500,5500,5500,1515,0,1600.0,2035.1453174521655,462.12083399950643,6762.23391700114,33464.0
1757528793,100,,Aggregated,47.600000,0.000000,1100,1200,1300,1300,1600,1700,1800,1900,5500,5500,5500,2141,0,1600.0,2073.4403970621365,462.12083399950643,7966.156165999564,33267.51611396544
1757528794,100,GET,/,10.700000,0.000000,1100,1200,1300,1400,1700,1700,1800,1800,1800,1800,1800,640,0,1700.0,2141.7763252656446,548.8557499993476,7966.156165999564,32792.0
1757528794,100,GET,/appointment-service/appointments,35.100000,0.000000,1000,1200,1200,1300,1600,1700,1800,1900,5500,5500,5500,1549,0,1600.0,2014.3631020942778,462.12083399950643,6762.23391700114,33464.0
1757528794,100,,Aggregated,45.800000,0.000000,1100,1200,1300,1400,1600,1700,1800,1900,5500,5500,5500,2189,0,1600.0,2051.6150266395807,462.12083399950643,7966.156165999564,33267.52672453175
1757528795,100,GET,/,10.400000,0.000000,1100,1200,1300,1400,1700,1700,1800,1800,1800,1800,1800,652,0,1600.0,2120.497305731603,548.8557499993476,7966.156165999564,32792.0
1757528795,100,GET,/appointment-service/appointments,36.600000,0.000000,1000,1200,1200,1300,1600,1700,1800,1900,5500,5500,5500,1587,0,1500.0,1990.147356712057,462.12083399950643,6762.23391700114,33464.0
1757528795,100,,Aggregated,47.000000,0.000000,1100,1200,1300,1400,1600,1700,1800,1900,5500,5500,5500,2239,0,1600.0,2028.1054481639276,462.12083399950643,7966.156165999564,33268.31263957124
1757528796,100,GET,/,11.100000,0.000000,1100,1200,1300,1300,1600,1700,1800,1800,1800,1800,1800,661,0,1600.0,2107.4718729879037,548.8557499993476,7966.156165999564,32792.0
1757528796,100,GET,/appointment-service/appointments,36.100000,0.000000,1000,1100,1200,1300,1500,1700,1800,1900,1900,1900,1900,1624,0,1500.0,1969.0647398768692,462.12083399950643,6762.23391700114,33464.0
1757528796,100,,Aggregated,47.200000,0.000000,1000,1200,1200,1300,1500,1700,1800,1800,1900,1900,1900,2285,0,1500.0,2009.1028645973902,462.12083399950643,7966.156165999564,33269.60525164114
1757528797,100,GET,/,11.300000,0.000000,1000,1100,1200,1200,1300,1600,1700,1800,1900,1900,1900,673,0,1600.0,2091.5626807280905,548.8557499993476,7966.156165999564,32792.0
1757528797,100,GET,/appointment-service/appointments,35.800000,0.000000,1000,1100,1200,1200,1400,1500,1700,1700,1900,1900,1900,1663,0,1500.0,1951.3475368172165,462.12083399950643,6762.23391700114,33464.0
1757528797,100,,Aggregated,47.100000,0.000000,1000,1100,1200,1200,1400,1500,1700,1700,1900,1900,1900,2336,0,1500.0,1991.743423740167,462.12083399950643,7966.156165999564,33270.397260273974
1757528798,100,GET,/,11.400000,0.000000,1000,1100,1200,1200,1300,1300,1500,1700,1900,1900,1900,684,0,1600.0,2073.8437505540987,548.8557499993476,7966.156165999564,32792.0
1757528798,100,GET,/appointment-service/appointments,35.700000,0.000000,1000,1100,1200,1200,1300,1400,1500,1600,2200,2200,2200,1699,0,1400.0,1932.383360982949,462.12083399950643,6762.23391700114,33464.0
1757528798,100,,Aggregated,47.100000,0.000000,1000,1100,1200,1200,1300,1400,1500,1600,2200,2200,2200,2383,0,1500.0,1972.9871824125169,462.12083399950643,7966.156165999564,33271.11372219891
1757528799,100,GET,/,12.200000,0.000000,1000,1100,1200,1200,1300,1300,1500,1700,1900,1900,1900,694,0,1600.0,2058.1709847564866,548.8557499993476,7966.156165999564,32792.0
1757528799,100,GET,/appointment-service/appointments,37.700000,0.000000,1000,1100,1200,1200,1300,1400,1500,1600,2200,2200,2200,1735,0,1400.0,1913.3650774841672,462.12083399950643,6762.23391700114,33464.0
1757528799,100,,Aggregated,49.900000,0.000000,1000,1100,1200,1200,1300,1400,1500,1600,2200,2200,2200,2429,0,1500.0,1954.7381938476842,462.12083399950643,7966.156165999564,33272.0
1757528800,100,GET,/,11.700000,0.000000,1000,1100,1200,1200,1300,1400,1500,1700,1900,1900,1900,708,0,1500.0,2038.5472225226038,548.8557499993476,7966.156165999564,32792.0
1757528800,100,GET,/appointment-service/appointments,37.800000,0.000000,1000,1100,1200,1200,1300,1400,1500,1600,2200,2200,2200,1772,0,1400.0,1896.2584142291355,462.12083399950643,6762.23391700114,33464.0
1757528800,100,,Aggregated,49.500000,0.000000,1000,1100,1200,1200,1300,1400,1500,1600,2200,2200,2200,2480,0,1400.0,1936.87957401614,462.12083399950643,7966.156165999564,33272.15483870968
1757528801,100,GET,/,11.700000,0.000000,1000,1100,1200,1200,1300,1400,1500,1700,1900,1900,1900,722,0,1500.0,2020.2383841800593,548.8557499993476,7966.156165999564,32792.0
1757528801,100,GET,/appointment-service/appointments,37.200000,0.000000,1100,1100,1200,1200,1300,1400,1500,1600,2200,2200,2200,1804,0,1400.0,1880.777190559326,462.12083399950643,6762.23391700114,33464.0
1757528801,100,,Aggregated,48.900000,0.000000,1000,1100,1200,1200,1300,1400,1500,1600,2200,2200,2200,2526,0,1400.0,1920.6390202482266,462.12083399950643,7966.156165999564,33271.92399049881
1757528802,100,GET,/,12.100000,0.000000,1100,1200,1200,1200,1300,1300,1500,1700,1900,1900,1900,732,0,1500.0,2007.903571610663,548.8557499993476,7966.156165999564,32792.0
1757528802,100,GET,/appointment-service/appointments,37.300000,0.000000,1100,1100,1200,1200,1300,1400,1500,1600,2200,2200,2200,1847,0,1400.0,1861.8148029334143,462.12083399950643,6762.23391700114,33464.0
1757528802,100,,Aggregated,49.400000,0.000000,1100,1100,1200,1200,1300,1400,1500,1600,2200,2200,2200,2579,0,1400.0,1903.279315795663,462.12083399950643,7966.156165999564,33273.26560682435
1757528803,100,GET,/,12.000000,0.000000,1000,1100,1200,1200,1300,1300,1500,1700,1900,1900,1900,744,0,1500.0,1991.3348231438242,548.8557499993476,7966.156165999564,32792.0
1757528803,100,GET,/appointment-service/appointments,36.500000,0.000000,1100,1100,1200,1200,1300,1400,1500,1600,2200,2200,2200,1884,0,1300.0,1844.9721013243193,462.12083399950643,6762.23391700114,33464.0
1757528803,100,,Aggregated,48.500000,0.000000,1100,1100,1200,1200,1300,1400,1500,1600,2200,2200,2200,2628,0,1400.0,1886.4081230266427,462.12083399950643,7966.156165999564,33273.75342465754
1757528804,100,GET,/,12.100000,0.000000,1100,1100,1200,1200,1300,1300,1500,1700,1900,1900,1900,753,0,1400.0,1979.8068330597682,548.8557499993476,7966.156165999564,32792.0
1757528804,100,GET,/appointment-service/appointments,36.800000,0.000000,1100,1100,1200,1200,1300,1400,1500,1600,2200,2200,2200,1922,0,1300.0,1828.820489258071,462.12083399950643,6762.23391700114,33464.0
1757528804,100,,Aggregated,48.900000,0.000000,1100,1100,1200,1200,1300,1400,1500,1600,2200,2200,2200,2675,0,1300.0,1871.3224394945848,462.12083399950643,7966.156165999564,33274.835140186915
1757528805,100,GET,/,11.900000,0.000000,1000,1100,1200,1200,1300,1300,1400,1500,1900,1900,1900,765,0,1400.0,1964.7943532719019,548.8557499993476,7966.156165999564,32792.0
1757528805,100,GET,/appointment-service/appointments,37.100000,0.000000,1100,1100,1200,1200,1300,1400,1500,1600,2200,2200,2200,1961,0,1300.0,1813.3410347073004,462.12083399950643,6762.23391700114,33464.0
1757528805,100,,Aggregated,49.000000,0.000000,1100,1100,1200,1200,1300,1400,1500,1600,2200,2200,2200,2726,0,1300.0,1855.8435250601672,462.12083399950643,7966.156165999564,33275.41599413059
1757528806,100,GET,/,11.300000,0.000000,1000,1100,1200,1200,1200,1300,1300,1400,1900,1900,1900,775,0,1400.0,1952.18220763613,548.8557499993476,7966.156165999564,32792.0
1757528806,100,GET,/appointment-service/appointments,37.000000,0.000000,1000,1100,1200,1200,1300,1300,1400,1500,2200,2200,2200,1996,0,1300.0,1798.553049816642,462.12083399950643,6762.23391700114,33464.0
1757528806,100,,Aggregated,48.300000,0.000000,1000,1100,1200,1200,1300,1300,1400,1500,2200,2200,2200,2771,0,1300.0,1841.5204252443211,462.12083399950643,7966.156165999564,33276.05341032118
1757528807,100,GET,/,11.200000,0.000000,1000,1100,1200,1200,1200,1300,1300,1300,1400,1400,1400,792,0,1400.0,1932.1885653939369,548.8557499993476,7966.156165999564,32792.0
1757528807,100,GET,/appointment-service/appointments,37.500000,0.000000,1000,1100,1100,1200,1200,1300,1400,1400,1500,1500,1500,2032,0,1300.0,1784.4602235762898,462.12083399950643,6762.23391700114,33464.0
1757528807,100,,Aggregated,48.700000,0.000000,1000,1100,1100,1200,1200,1300,1400,1400,1500,1500,1500,2824,0,1300.0,1825.8911183070159,462.12083399950643,7966.156165999564,33275.535410764875
1757528808,100,GET,/,11.500000,0.000000,1000,1100,1100,1200,1200,1300,1400,1400,1400,1400,1400,803,0,1400.0,1920.2231923524268,548.8557499993476,7966.156165999564,32792.0
1757528808,100,GET,/appointment-service/appointments,37.400000,0.000000,1000,1100,1200,1200,1300,1300,1400,1400,1500,1500,1500,2074,0,1300.0,1770.4893453167872,462.12083399950643,6762.23391700114,33464.0
1757528808,100,,Aggregated,48.900000,0.000000,1000,1100,1200,1200,1300,1300,1400,1400,1500,1500,1500,2877,0,1300.0,1812.281586946821,462.12083399950643,7966.156165999564,33276.437956204376
1757528809,100,GET,/,11.500000,0.000000,1000,1100,1100,1200,1200,1300,1300,1400,1400,1400,1400,819,0,1300.0,1903.0056320708177,548.8557499993476,7966.156165999564,32792.0
1757528809,100,GET,/appointment-service/appointments,37.000000,0.000000,1000,1100,1100,1200,1200,1300,1400,1400,1500,1500,1500,2102,0,1300.0,1760.106482823984,462.12083399950643,6762.23391700114,33464.0
1757528809,100,,Aggregated,48.500000,0.000000,1000,1100,1100,1200,1200,1300,1400,1400,1500,1500,1500,2921,0,1300.0,1800.1730364813432,462.12083399950643,7966.156165999564,33275.58233481684
1757528810,100,GET,/,11.600000,0.000000,1000,1100,1100,1200,1200,1300,1400,1400,1400,1400,1400,834,0,1300.0,1886.8465565024028,548.8557499993476,7966.156165999564,32792.0
1757528810,100,GET,/appointment-service/appointments,37.000000,0.000000,1000,1100,1100,1200,1300,1300,1400,1400,1500,1500,1500,2139,0,1200.0,1747.3652045259544,462.12083399950643,6762.23391700114,33464.0
1757528810,100,,Aggregated,48.600000,0.000000,1000,1100,1100,1200,1200,1300,1400,1400,1500,1500,1500,2973,0,1300.0,1786.4931720834213,462.12083399950643,7966.156165999564,33275.48738647831
1757528811,100,GET,/,12.300000,0.000000,1000,1100,1100,1200,1200,1300,1400,1400,1400,1400,1400,844,0,1300.0,1877.0664568009524,548.8557499993476,7966.156165999564,32792.0
1757528811,100,GET,/appointment-service/appointments,36.200000,0.000000,1000,1100,1100,1200,1200,1300,1300,1400,1500,1500,1500,2175,0,1200.0,1734.9039874823086,462.12083399950643,6762.23391700114,33464.0
1757528811,100,,Aggregated,48.500000,0.000000,1000,1100,1100,1200,1200,1300,1300,1400,1500,1500,1500,3019,0,1300.0,1774.6473210712209,462.12083399950643,7966.156165999564,33276.13381914541
1757528812,100,GET,/,12.200000,0.000000,1000,1100,1100,1200,1200,1300,1400,1400,1400,1400,1400,859,0,1300.0,1863.3947898707836,548.8557499993476,7966.156165999564,32792.0
1757528812,100,GET,/appointment-service/appointments,36.500000,0.000000,1000,1100,1100,1200,1200,1300,1400,1400,1400,1400,1400,2213,0,1200.0,1724.0236247858209,462.12083399950643,6762.23391700114,33464.0
1757528812,100,,Aggregated,48.700000,0.000000,1000,1100,1100,1200,1200,1300,1400,1400,1400,1400,1400,3072,0,1200.0,1762.9949238769584,462.12083399950643,7966.156165999564,33276.09375
1757528813,100,GET,/,11.900000,0.000000,1000,1100,1200,1200,1200,1300,1400,1400,1400,1400,1400,874,0,1300.0,1850.1038835320358,548.8557499993476,7966.156165999564,32792.0
1757528813,100,GET,/appointment-service/appointments,36.700000,0.000000,1000,1100,1200,1200,1200,1300,1400,1400,1400,1400,1400,2244,0,1200.0,1714.4775706631153,462.12083399950643,6762.23391700114,33464.0
1757528813,100,,Aggregated,48.600000,0.000000,1000,1100,1200,1200,1200,1300,1400,1400,1400,1400,1400,3118,0,1200.0,1752.4946962075119,462.12083399950643,7966.156165999564,33275.633098139835
1757528814,100,GET,/,12.600000,0.000000,1000,1100,1200,1200,1300,1400,1400,1400,1500,1500,1500,887,0,1300.0,1839.473370630217,548.8557499993476,7966.156165999564,32792.0
1757528814,100,GET,/appointment-service/appointments,36.300000,0.000000,1000,1100,1200,1200,1300,1300,1400,1400,1400,1400,1400,2282,0,1200.0,1704.101410964081,462.12083399950643,6762.23391700114,33464.0
1757528814,100,,Aggregated,48.900000,0.000000,1000,1100,1200,1200,1300,1300,1400,1400,1500,1500,1500,3169,0,1200.0,1741.9918900501832,462.12083399950643,7966.156165999564,33275.90785736826
1757528815,100,GET,/,13.200000,0.000000,1000,1100,1200,1200,1300,1400,1400,1400,1500,1500,1500,898,0,1300.0,1829.658671908684,548.8557499993476,7966.156165999564,32792.0
1757528815,100,GET,/appointment-service/appointments,35.500000,0.000000,1000,1100,1200,1200,1300,1300,1400,1400,1500,1500,1500,2321,0,1200.0,1693.2693030788578,462.12083399950643,6762.23391700114,33464.0
1757528815,100,,Aggregated,48.700000,0.000000,1000,1100,1200,1200,1300,1300,1400,1400,1500,1500,1500,3219,0,1200.0,1731.3176576017459,462.12083399950643,7966.156165999564,33276.53308480894
1757528816,100,GET,/,13.200000,0.000000,1100,1100,1200,1200,1300,1400,1500,1500,1500,1500,1500,911,0,1300.0,1818.962081226127,548.8557499993476,7966.156165999564,32792.0
1757528816,100,GET,/appointment-service/appointments,35.800000,0.000000,1000,1100,1200,1200,1300,1300,1400,1400,1500,1500,1500,2357,0,1200.0,1683.321566145963,462.12083399950643,6762.23391700114,33464.0
1757528816,100,,Aggregated,49.000000,0.000000,1000,1100,1200,1200,1300,1400,1400,1400,1500,1500,1500,3268,0,1200.0,1721.1332274795068,462.12083399950643,7966.156165999564,33276.67074663403
1757528817,100,GET,/,13.400000,0.000000,1100,1100,1200,1200,1300,1400,1500,1500,1500,1500,1500,929,0,1300.0,1802.3714195339091,548.8557499993476,7966.156165999564,32792.0
1757528817,100,GET,/appointment-service/appointments,35.400000,0.000000,1100,1100,1200,1200,1300,1400,1400,1400,1700,1700,1700,2393,0,1200.0,1675.7226405106717,462.12083399950643,6762.23391700114,33464.0
1757528817,100,,Aggregated,48.800000,0.000000,1100,1100,1200,1200,1300,1400,1400,1500,1700,1700,1700,3322,0,1200.0,1711.140074500009,462.12083399950643,7966.156165999564,33276.074653823
1757528818,100,GET,/,13.100000,0.000000,1000,1100,1200,1200,1300,1400,1500,1500,1500,1500,1500,939,0,1300.0,1793.5006005026703,548.8557499993476,7966.156165999564,32792.0
1757528818,100,GET,/appointment-service/appointments,35.000000,0.000000,1000,1100,1200,1200,1300,1400,1400,1400,1700,1700,1700,2423,0,1200.0,1667.5437096710832,462.12083399950643,6762.23391700114,33464.0
1757528818,100,,Aggregated,48.100000,0.000000,1000,1100,1200,1200,1300,1400,1400,1500,1700,1700,1700,3362,0,1200.0,1702.7232220122048,462.12083399950643,7966.156165999564,33276.311719214755
1757528819,100,GET,/,13.500000,0.000000,1100,1100,1200,1200,1300,1400,1500,1500,1500,1500,1500,957,0,1200.0,1780.3290540752382,548.8557499993476,7966.156165999564,32792.0
1757528819,100,GET,/appointment-service/appointments,35.900000,0.000000,1100,1100,1200,1200,1300,1400,1400,1400,1700,1700,1700,2455,0,1200.0,1659.8445533906477,462.12083399950643,6762.23391700114,33464.0
1757528819,100,,Aggregated,49.400000,0.000000,1100,1100,1200,1200,1300,1400,1400,1500,1700,1700,1700,3412,0,1200.0,1693.638125241511,462.12083399950643,7966.156165999564,33275.51699882767
1757528820,100,GET,/,13.500000,0.000000,1100,1100,1200,1200,1300,1400,1500,1500,1500,1500,1500,969,0,1200.0,1770.854475620229,548.8557499993476,7966.156165999564,32792.0
1757528820,100,GET,/appointment-service/appointments,35.300000,0.000000,1100,1200,1200,1200,1300,1400,1400,1400,1700,1700,1700,2499,0,1200.0,1649.2564649992194,462.12083399950643,6762.23391700114,33464.0
1757528820,100,,Aggregated,48.800000,0.000000,1100,1100,1200,1200,1300,1400,1400,1500,1700,1700,1700,3468,0,1200.0,1683.232379731559,462.12083399950643,7966.156165999564,33276.23529411765
1757528821,100,GET,/,13.300000,0.000000,1000,1100,1200,1200,1300,1400,1500,1500,1500,1500,1500,978,0,1200.0,1763.7488546779175,548.8557499993476,7966.156165999564,32792.0
1757528821,100,GET,/appointment-service/appointments,35.200000,0.000000,1100,1100,1200,1200,1300,1400,1400,1400,1700,1700,1700,2533,0,1200.0,1641.1381098646077,462.12083399950643,6762.23391700114,33464.0
1757528821,100,,Aggregated,48.500000,0.000000,1100,1100,1200,1200,1300,1400,1400,1500,1700,1700,1700,3511,0,1200.0,1675.2917152270138,462.12083399950643,7966.156165999564,33276.81230418684
1757528822,100,GET,/,13.600000,0.000000,1000,1100,1200,1200,1300,1400,1500,1500,1500,1500,1500,987,0,1200.0,1757.1044694772092,548.8557499993476,7966.156165999564,32792.0
1757528822,100,GET,/appointment-service/appointments,35.500000,0.000000,1100,1100,1200,1200,1300,1400,1400,1500,1700,1700,1700,2581,0,1200.0,1631.283099313079,462.12083399950643,6762.23391700114,33464.0
1757528822,100,,Aggregated,49.100000,0.000000,1100,1100,1200,1200,1300,1400,1400,1500,1700,1700,1700,3568,0,1200.0,1666.0885063624023,462.12083399950643,7966.156165999564,33278.107623318385
1757528823,100,GET,/,13.900000,0.000000,1000,1100,1200,1200,1300,1400,1500,1500,1500,1500,1500,997,0,1200.0,1748.8750179277877,548.8557499993476,7966.156165999564,32792.0
1757528823,100,GET,/appointment-service/appointments,35.300000,0.000000,1100,1100,1200,1200,1300,1400,1400,1500,1700,1700,1700,2610,0,1200.0,1623.9567422693692,462.12083399950643,6762.23391700114,33464.0
1757528823,100,,Aggregated,49.200000,0.000000,1000,1100,1200,1200,1300,1400,1400,1500,1700,1700,1700,3607,0,1200.0,1658.4850263923054,462.12083399950643,7966.156165999564,33278.25450512891
1757528824,100,GET,/,12.800000,0.000000,1000,1100,1100,1200,1200,1300,1400,1500,1500,1500,1500,1010,0,1200.0,1739.8343020613909,548.8557499993476,7966.156165999564,32792.0
1757528824,100,GET,/appointment-service/appointments,36.400000,0.000000,1100,1100,1200,1200,1300,1400,1400,1500,1700,1700,1700,2646,0,1200.0,1616.4809328821102,462.12083399950643,6762.23391700114,33464.0
1757528824,100,,Aggregated,49.200000,0.000000,1000,1100,1200,1200,1300,1300,1400,1500,1700,1700,1700,3656,0,1200.0,1650.5583133173025,462.12083399950643,7966.156165999564,33278.35448577681
1757528825,100,GET,/,11.900000,0.000000,1000,1100,1200,1200,1200,1300,1400,1500,1500,1500,1500,1022,0,1200.0,1731.7667449452092,548.8557499993476,7966.156165999564,32792.0
1757528825,100,GET,/appointment-service/appointments,37.000000,0.000000,1100,1100,1200,1200,1300,1400,1400,1500,1700,1700,1700,2688,0,1200.0,1607.506907269367,462.12083399950643,6762.23391700114,33464.0
1757528825,100,,Aggregated,48.900000,0.000000,1000,1100,1200,1200,1300,1400,1400,1500,1700,1700,1700,3710,0,1200.0,1641.7369757611998,462.12083399950643,7966.156165999564,33278.88301886793
1757528826,100,GET,/,12.300000,0.000000,1000,1100,1100,1200,1200,1300,1300,1300,1300,1300,1300,1036,0,1200.0,1721.4276224247149,548.8557499993476,7966.156165999564,32792.0
1757528826,100,GET,/appointment-service/appointments,36.300000,0.000000,1100,1100,1200,1200,1300,1400,1400,1500,1600,1600,1600,2722,0,1200.0,1600.8356902193464,462.12083399950643,6762.23391700114,33464.0
1757528826,100,,Aggregated,48.600000,0.000000,1000,1100,1200,1200,1300,1300,1400,1400,1600,1600,1600,3758,0,1200.0,1634.0802995234314,462.12083399950643,7966.156165999564,33278.74401277275
1757528827,100,GET,/,11.900000,0.000000,1000,1100,1100,1200,1200,1300,1300,1300,1300,1300,1300,1047,0,1200.0,1714.3416598997171,548.8557499993476,7966.156165999564,32792.0
1757528827,100,GET,/appointment-service/appointments,36.500000,0.000000,1100,1100,1200,1200,1300,1400,1400,1500,1600,1600,1600,2763,0,1200.0,1592.8957960488806,462.12083399950643,6762.23391700114,33464.0
1757528827,100,,Aggregated,48.400000,0.000000,1000,1100,1200,1200,1300,1300,1400,1400,1600,1600,1600,3810,0,1200.0,1626.2695019417456,462.12083399950643,7966.156165999564,33279.332283464566
1757528828,100,GET,/,12.700000,0.000000,990,1100,1100,1200,1200,1300,1300,1300,1300,1300,1300,1055,0,1200.0,1707.969326578206,548.8557499993476,7966.156165999564,32792.0
1757528828,100,GET,/appointment-service/appointments,36.300000,0.000000,1000,1100,1200,1200,1300,1300,1400,1500,1600,1600,1600,2801,0,1200.0,1584.6270321396112,462.12083399950643,6762.23391700114,33464.0
1757528828,100,,Aggregated,49.000000,0.000000,1000,1100,1200,1200,1300,1300,1400,1400,1600,1600,1600,3856,0,1200.0,1618.3734327186328,462.12083399950643,7966.156165999564,33280.141078838176
1757528829,100,GET,/,12.200000,0.000000,980,1100,1100,1200,1200,1200,1300,1300,1300,1300,1300,1066,0,1200.0,1700.4530476435357,548.8557499993476,7966.156165999564,32792.0
1757528829,100,GET,/appointment-service/appointments,36.900000,0.000000,1000,1100,1200,1200,1300,1300,1400,1500,1600,1600,1600,2843,0,1200.0,1576.1605235304464,462.12083399950643,6762.23391700114,33464.0
1757528829,100,,Aggregated,49.100000,0.000000,1000,1100,1200,1200,1300,1300,1400,1500,1600,1600,1600,3909,0,1200.0,1610.055594061156,462.12083399950643,7966.156165999564,33280.7429009977
1757528830,100,GET,/,11.500000,0.000000,1000,1100,1100,1200,1200,1300,1300,1500,1500,1500,1500,1076,0,1200.0,1694.803956200751,548.8557499993476,7966.156165999564,32792.0
1757528830,100,GET,/appointment-service/appointments,37.700000,0.000000,1100,1100,1200,1200,1300,1400,1400,1500,1600,1600,1600,2879,0,1200.0,1569.3722255776474,462.12083399950643,6762.23391700114,33464.0
1757528830,100,,Aggregated,49.200000,0.000000,1000,1100,1200,1200,1300,1300,1400,1500,1600,1600,1600,3955,0,1200.0,1603.4972678407191,462.12083399950643,7966.156165999564,33281.17522123894
1757528831,100,GET,/,11.300000,0.000000,1000,1100,1100,1200,1300,1300,1300,1300,1500,1500,1500,1092,0,1200.0,1686.7789229990915,548.8557499993476,7966.156165999564,32792.0
1757528831,100,GET,/appointment-service/appointments,38.500000,0.000000,1000,1100,1200,1200,1300,1400,1400,1500,1600,1600,1600,2916,0,1200.0,1562.978106744532,462.12083399950643,6762.23391700114,33464.0
1757528831,100,,Aggregated,49.800000,0.000000,1000,1100,1200,1200,1300,1300,1400,1500,1600,1600,1600,4008,0,1200.0,1596.7082692569988,462.12083399950643,7966.156165999564,33280.91017964072
1757528832,100,GET,/,10.800000,0.000000,1000,1100,1100,1200,1200,1300,1300,1300,1500,1500,1500,1105,0,1200.0,1677.8156644398287,548.8557499993476,7966.156165999564,32792.0
1757528832,100,GET,/appointment-service/appointments,38.000000,0.000000,1000,1100,1200,1200,1300,1300,1400,1500,1600,1600,1600,2948,0,1200.0,1556.90918965368,462.12083399950643,6762.23391700114,33464.0
1757528832,100,,Aggregated,48.800000,0.000000,1000,1100,1200,1200,1300,1300,1400,1500,1600,1600,1600,4053,0,1200.0,1589.8728350123486,462.12083399950643,7966.156165999564,33280.78756476684
1757528833,100,GET,/,10.800000,0.000000,1000,1100,1200,1200,1300,1300,1400,1400,1500,1500,1500,1128,0,1200.0,1665.9530027313942,548.8557499993476,7966.156165999564,32792.0
1757528833,100,GET,/appointment-service/appointments,38.200000,0.000000,1000,1100,1200,1200,1300,1300,1400,1500,1600,1600,1600,2976,0,1200.0,1552.141635856196,462.12083399950643,6762.23391700114,33464.0
1757528833,100,,Aggregated,49.000000,0.000000,1000,1100,1200,1200,1300,1300,1400,1500,1600,1600,1600,4104,0,1200.0,1583.4231226581485,462.12083399950643,7966.156165999564,33279.29824561404
1757528834,100,GET,/,11.800000,0.000000,1000,1100,1200,1200,1300,1300,1400,1400,1500,1500,1500,1147,0,1200.0,1655.2447799311406,548.8557499993476,7966.156165999564,32792.0
1757528834,100,GET,/appointment-service/appointments,36.400000,0.000000,1000,1100,1200,1200,1300,1400,1400,1500,1600,1600,1600,3013,0,1200.0,1546.8938836057198,462.12083399950643,6762.23391700114,33464.0
1757528834,100,,Aggregated,48.200000,0.000000,1000,1100,1200,1200,1300,1400,1400,1500,1600,1600,1600,4160,0,1200.0,1576.7685177608273,462.12083399950643,7966.156165999564,33278.71538461538
1757528835,100,GET,/,12.900000,0.000000,1000,1100,1200,1200,1300,1300,1400,1400,1500,1500,1500,1155,0,1200.0,1650.8483781731757,548.8557499993476,7966.156165999564,32792.0
1757528835,100,GET,/appointment-service/appointments,36.000000,0.000000,1100,1100,1200,1200,1300,1400,1400,1500,1500,1500,1500,3043,0,1200.0,1541.7711878932103,462.12083399950643,6762.23391700114,33464.0
1757528835,100,,Aggregated,48.900000,0.000000,1000,1100,1200,1200,1300,1400,1400,1500,1500,1500,1500,4198,0,1200.0,1571.7817059430788,462.12083399950643,7966.156165999564,33279.11195807527
1757528836,100,GET,/,13.400000,0.000000,1000,1100,1200,1200,1300,1400,1400,1500,1500,1500,1500,1171,0,1200.0,1643.610504838614,548.8557499993476,7966.156165999564,32792.0
1757528836,100,GET,/appointment-service/appointments,36.400000,0.000000,1100,1100,1200,1200,1300,1400,1400,1500,1500,1500,1500,3088,0,1200.0,1536.025479317694,462.12083399950643,6762.23391700114,33464.0
1757528836,100,,Aggregated,49.800000,0.000000,1000,1100,1200,1200,1300,1400,1400,1500,1500,1500,1500,4259,0,1200.0,1565.6056776940698,462.12083399950643,7966.156165999564,33279.23550129138
1757528837,100,GET,/,13.700000,0.000000,1000,1100,1200,1200,1300,1400,1500,1500,1500,1500,1500,1181,0,1200.0,1638.4869706807938,548.8557499993476,7966.156165999564,32792.0
1757528837,100,GET,/appointment-service/appointments,35.700000,0.000000,1100,1100,1200,1200,1300,1400,1400,1500,1500,1500,1500,3118,0,1200.0,1531.1452226478634,462.12083399950643,6762.23391700114,33464.0
1757528837,100,,Aggregated,49.400000,0.000000,1100,1100,1200,1200,1300,1400,1400,1500,1500,1500,1500,4299,0,1200.0,1560.6336163270626,462.12083399950643,7966.156165999564,33279.39148639218
1757528838,100,GET,/,13.300000,0.000000,1100,1200,1200,1300,1400,1400,1500,1500,1500,1500,1500,1193,0,1200.0,1633.7007678843406,548.8557499993476,7966.156165999564,32792.0
1757528838,100,GET,/appointment-service/appointments,36.800000,0.000000,1100,1100,1200,1200,1300,1400,1400,1500,1500,1500,1500,3165,0,1200.0,1524.1324249627298,462.12083399950643,6762.23391700114,33464.0
1757528838,100,,Aggregated,50.100000,0.000000,1100,1200,1200,1200,1300,1400,1500,1500,1500,1500,1500,4358,0,1200.0,1554.1266959828006,462.12083399950643,7966.156165999564,33280.04038549794
1757528839,100,GET,/,13.600000,0.000000,1100,1200,1200,1300,1300,1400,1500,1500,1500,1500,1500,1202,0,1200.0,1628.9108089317947,548.8557499993476,7966.156165999564,32792.0
1757528839,100,GET,/appointment-service/appointments,35.200000,0.000000,1000,1100,1200,1200,1300,1400,1400,1500,1600,1600,1600,3196,0,1100.0,1518.6692931401894,462.12083399950643,6762.23391700114,33464.0
1757528839,100,,Aggregated,48.800000,0.000000,1100,1100,1200,1200,1300,1400,1400,1500,1600,1600,1600,4398,0,1200.0,1548.7989661691786,462.12083399950643,7966.156165999564,33280.33833560709
